id,name,email,country,created_at,status
1,Mary Wagner,cummingscharles@wright.com,Western Sahara,2025-06-28,active
2,Jessica Turner,kimberly18@moody.biz,Mayotte,2023-08-27,active
3,Angela Collier,kimberly18@hotmail.com,Burkina Faso,2023-08-19,active
4,Carrie Castillo,hernandezmary@chung.net,Turkey,2023-11-18,inactive
5,Alexa Hill,jalvarez@fowler.com,Sao Tome and Principe,2025-02-19,inactive
6,Jesus Murphy,annadavis@evans-jackson.org,Kyrgyz Republic,2023-11-24,active
7,Richard Wagner,ashleymcdaniel@white.com,United Arab Emirates,2025-02-15,pending
8,Jeremy Ortiz,matthew29@gonzalez.info,Cayman Islands,2024-08-07,inactive
9,Cody Holmes,nicolewebb@chandler-butler.biz,Latvia,2024-09-01,pending
10,Erin Howell,abailey@yahoo.com,Suriname,2024-02-03,inactive
11,Kristina Jones,vaughnpaul@bennett.info,United States of America,2024-12-19,pending
12,Madeline Lawson,hamiltonjanet@gmail.com,Saudi Arabia,2023-10-19,pending
13,Sarah Stanton,mackrachel@fox.com,Martinique,2024-05-01,active
14,Johnny Brock DVM,noah70@gmail.com,Tonga,2024-05-15,pending
15,Stacey Walker,clarkjustin@rivera.info,Venezuela,2024-07-03,pending
16,Tara George,gonzalezharry@flores.info,Slovenia,2024-06-13,active
17,Mr. John Avila,wolfeallen@cook.com,India,2023-10-05,active
18,John Ramirez,monicawinters@yahoo.com,Netherlands Antilles,2024-04-06,pending
19,Richard Gentry,brittany33@mckee.com,Slovakia (Slovak Republic),2025-05-21,inactive
20,Kara Stout,rhancock@hotmail.com,Norfolk Island,2023-09-22,pending
21,Kimberly Lin,whouse@gmail.com,Libyan Arab Jamahiriya,2024-04-17,pending
22,Richard Newman,paige49@gmail.com,Italy,2025-04-15,active
23,Edgar Bailey,webbtanya@moss-ryan.biz,Saint Helena,2024-05-12,inactive
24,Angela Espinoza,jordanian@lyons.org,Bosnia and Herzegovina,2025-06-13,active
25,Javier Brown,brendaerickson@richard.com,Turkmenistan,2025-05-20,pending
26,Victor Wilson Jr.,florescynthia@richmond.net,Paraguay,2024-06-14,inactive
27,Michael Roberts,timothycain@yahoo.com,Saint Helena,2023-11-07,active
28,Scott Jones,tmoore@collins-reeves.com,Brazil,2023-12-07,active
29,Denise Lopez,lisahall@long.com,Finland,2024-07-03,inactive
30,Latasha Meyers,nelsonanthony@lester-martinez.info,Bahrain,2025-05-09,active
31,Bethany Kennedy,hking@gmail.com,Slovenia,2023-10-14,inactive
32,Desiree Donaldson,udurham@hotmail.com,Portugal,2024-08-15,active
33,James Jackson,vvillegas@yahoo.com,Malaysia,2024-05-09,active
34,John Nguyen,cfranklin@gmail.com,Uruguay,2024-03-15,pending
35,Amanda Acevedo,vincentmeghan@gmail.com,Spain,2025-05-03,inactive
36,Arthur Diaz,johnestrada@reid.org,Swaziland,2024-01-06,active
37,Brandon Oliver,bradywall@gmail.com,Netherlands,2024-08-05,inactive
38,Pamela Johnson,qgrant@hotmail.com,Albania,2023-11-25,pending
39,Shawn Jackson,steven40@gmail.com,Croatia,2025-06-20,active
40,John Mason,boydcameron@yahoo.com,Grenada,2024-08-21,active
41,Joe Thomas,robert27@maldonado.com,Niue,2023-12-09,inactive
42,David Gonzales,brivera@walker-white.biz,Benin,2023-12-03,inactive
43,Gary Fleming MD,istokes@jensen-perry.biz,Japan,2024-02-03,active
44,Casey Medina,jessicaphelps@reed.com,Singapore,2024-08-01,pending
45,Matthew Whitney,hharris@gmail.com,Vietnam,2025-02-06,inactive
46,Jason Yang,michael44@mccoy.com,Somalia,2024-03-04,pending
47,Antonio Kim,charlescoleman@murphy.com,Sweden,2024-10-29,pending
48,Stephanie Franco,brandonbrown@yahoo.com,Turks and Caicos Islands,2024-01-28,active
49,Margaret Webster,katherine31@gmail.com,Swaziland,2024-04-17,active
50,Jesus Dyer,mirandatheresa@gmail.com,Estonia,2024-09-10,inactive
51,Linda Velasquez,susanmccarthy@park-rivera.info,Lesotho,2025-01-23,active
52,John Sawyer,wolfmichael@yahoo.com,Bolivia,2024-09-17,pending
53,Ronald Morgan,pcollins@smith.com,Greece,2025-04-29,pending
54,Michael Murillo,cassandraharper@miller.biz,Libyan Arab Jamahiriya,2023-07-17,active
55,Julia Rodriguez,ptaylor@best.biz,Timor-Leste,2023-12-25,inactive
56,Sara Bryant,bakerbrent@yahoo.com,Svalbard & Jan Mayen Islands,2024-06-24,inactive
57,Thomas Nguyen,brittney92@faulkner.com,Chile,2023-09-25,pending
58,Jennifer Dawson,marshallkelly@phillips-wheeler.org,Sierra Leone,2024-01-15,inactive
59,Robert King,wgood@cook.info,Belize,2023-08-13,inactive
60,Nicholas Waters,kennedymichael@powell.biz,United States Virgin Islands,2024-06-01,pending
61,Stephanie Franklin,wrightbrittany@yahoo.com,South Africa,2024-05-04,inactive
62,Monica Singleton,dchambers@mitchell.biz,Tunisia,2024-12-10,inactive
63,Manuel Dunn,pamela73@gmail.com,Chad,2023-07-15,inactive
64,Tyler Ferguson,wattsmark@hotmail.com,Central African Republic,2024-07-10,inactive
65,Cindy Burke,phyllisreed@gmail.com,Cape Verde,2023-11-13,pending
66,Sean Hardy,zacharyhess@wilson-young.com,Barbados,2023-07-27,inactive
67,Hannah Bryant,twilliams@short.com,Belize,2024-06-27,inactive
68,Roger Lucero,zperkins@yahoo.com,Ireland,2025-06-03,pending
69,Michele Mcintyre,ericwright@yahoo.com,Belgium,2023-11-11,pending
70,Ashley Cohen,pricemichael@montgomery.com,Kazakhstan,2024-05-03,pending
71,Alexandra Herrera,vmann@hotmail.com,Yemen,2023-07-11,active
72,Mark Carter,scottdyer@gmail.com,Cuba,2024-07-05,active
73,Nicole Ruiz,deanna57@yahoo.com,Sao Tome and Principe,2023-09-16,pending
74,Nicole Christian,stephanierobles@hotmail.com,Mauritius,2024-12-20,pending
75,Melissa Vincent,wchandler@yahoo.com,Cyprus,2023-07-10,active
76,Juan Nguyen,jamessaunders@fitzpatrick.info,Guadeloupe,2024-12-09,pending
77,Greg Grimes,kim36@odonnell.com,Saint Pierre and Miquelon,2024-07-10,pending
78,Robert Reynolds,fowlerbrian@yahoo.com,Paraguay,2024-01-14,active
79,Dawn Graves,christina70@lopez.com,Vietnam,2024-01-26,pending
80,Ariel Wilson,linda83@yahoo.com,Tuvalu,2024-03-26,pending
81,Crystal Bowman,utaylor@gmail.com,Poland,2024-12-15,inactive
82,Marie Chambers,bakercheryl@baker.com,Guinea,2024-12-18,pending
83,Nicholas Newton,greg08@harvey.com,Belgium,2023-08-12,pending
84,Alicia James,wellschristine@gutierrez-cruz.com,Saint Vincent and the Grenadines,2023-10-16,inactive
85,Alexis Smith,jillpeterson@hotmail.com,Saudi Arabia,2024-05-11,pending
86,Ronald Smith,ronald41@reed.org,Fiji,2025-05-30,pending
87,Dorothy Smith,zhanglinda@gmail.com,Morocco,2025-05-20,inactive
88,Russell Wilson,ucarroll@hotmail.com,Greenland,2025-01-24,active
89,Kimberly Smith,charleswong@yahoo.com,Rwanda,2024-09-10,inactive
90,Karina Lindsey,ronnie51@robinson.biz,Russian Federation,2025-05-11,active
91,Yvonne Smith,yroberts@wood.org,Malta,2025-01-20,inactive
92,Ronald Cummings,jessica53@yahoo.com,Panama,2023-11-06,pending
93,Jonathan Smith,amandabuckley@gmail.com,French Southern Territories,2025-03-04,pending
94,Sarah Walker,whiteandre@hotmail.com,Bosnia and Herzegovina,2024-04-06,inactive
95,Eric Payne,ramirezrandy@yahoo.com,Mexico,2023-08-31,inactive
96,Matthew Buckley,jmacias@anderson.com,Paraguay,2025-01-22,active
97,Sheri Bender,clairecox@harris.info,Nepal,2025-01-16,pending
98,David Young,rhoffman@french.net,Niger,2023-08-30,active
99,Jeffrey Garcia,rsanchez@lopez-nelson.com,Gabon,2023-10-20,inactive
100,Kelly Ortega,veronicamorrison@young-solis.org,Montserrat,2023-09-23,inactive
101,Bradley Wilson,clayton63@hotmail.com,Trinidad and Tobago,2024-06-05,pending
102,Dylan Weiss,cameronvazquez@hester-horn.info,Christmas Island,2024-11-19,active
103,Shannon Nelson MD,ralphmitchell@yahoo.com,Dominican Republic,2024-04-04,pending
104,Megan Ewing,kelsey85@gmail.com,French Southern Territories,2025-05-03,active
105,Meredith Rogers,bryan@yahoo.com,Malta,2023-09-16,inactive
106,Brandon Anderson,amber55@phillips-barnes.com,Belarus,2023-10-28,inactive
107,Deanna Ramirez,maxwellchristopher@scott.com,Saint Kitts and Nevis,2025-02-06,inactive
108,Monica Miller,julia93@wilson.com,Western Sahara,2024-08-31,active
109,Amy Smith,jessica09@porter.biz,Antigua and Barbuda,2024-10-28,inactive
110,Jeanne Camacho,qjohnson@hotmail.com,Serbia,2023-11-02,inactive
111,Timothy Spencer,oscott@hotmail.com,Jersey,2024-07-19,pending
112,Kenneth Thomas,bmann@davis.com,Iraq,2024-05-23,pending
113,Cody Henderson,carol59@hernandez.com,Azerbaijan,2024-06-10,inactive
114,Emily Hardy,kimberlybaxter@yahoo.com,Bhutan,2025-05-21,inactive
115,Brittany Pratt,sierra80@sanchez-hodges.info,Gambia,2024-06-23,pending
116,Noah Lopez,rallen@yahoo.com,Slovakia (Slovak Republic),2024-08-26,active
117,Kenneth Hubbard,kimjeffrey@jordan.biz,Finland,2025-03-11,active
118,Christopher Carpenter,uhernandez@herrera.info,Oman,2025-06-07,pending
119,Tyler Brown,ozimmerman@ferguson-davis.com,Namibia,2023-12-16,active
120,George Allen,greenholly@gmail.com,Denmark,2023-10-27,active
121,Deborah Gonzalez,hendricksmelissa@wolfe.net,Christmas Island,2023-08-06,inactive
122,Veronica Martinez,james84@johnson-castillo.net,Taiwan,2024-07-09,active
123,Jesse Brown DDS,tracy94@gmail.com,Panama,2023-08-17,pending
124,Blake Russell,michael20@barnes.info,Greece,2024-01-17,inactive
125,James Swanson,karen42@yahoo.com,Denmark,2024-12-16,active
126,Janet Gordon,jamie72@alvarado.com,Bahrain,2024-06-11,inactive
127,Raymond Weaver,stacy72@horne.com,Finland,2023-07-25,inactive
128,Chris Ferguson,qoliver@williams.com,Fiji,2025-03-11,inactive
129,Richard Collier,pamela27@yahoo.com,Guatemala,2024-12-12,pending
130,Andrew Walker,millerjacqueline@gmail.com,Yemen,2024-07-22,inactive
131,Michael Cline,beckywheeler@jones-graham.net,Montenegro,2024-08-30,inactive
132,Peter Sheppard,dknight@yahoo.com,Burundi,2023-07-18,pending
133,Jason Powell,dcooke@yahoo.com,Bangladesh,2023-12-12,inactive
134,Mackenzie Wolf,dawn19@hotmail.com,Niger,2023-11-24,pending
135,Richard Campbell,markwhite@ortega.info,Holy See (Vatican City State),2024-04-30,pending
136,Kathleen Meyer,knoxkathleen@yahoo.com,Armenia,2024-03-28,pending
137,Michael Holden,pdiaz@chapman.info,Guinea-Bissau,2025-05-20,inactive
138,Jasmine Kim,joanna06@yahoo.com,Cayman Islands,2023-10-22,pending
139,Michael Deleon,greenlisa@yahoo.com,Kenya,2023-09-11,pending
140,Larry Walton,bakerchristopher@brown.biz,American Samoa,2025-03-24,inactive
141,Charles Adkins,elizabeth18@white.net,Niue,2024-10-26,inactive
142,Melissa Nelson,pricericardo@hotmail.com,Costa Rica,2024-03-03,inactive
143,Sean Garcia,sparker@moore-carpenter.info,Sierra Leone,2024-11-21,active
144,Alexis Wilkins,joseph00@gardner-barnes.com,Liberia,2024-01-23,pending
145,Justin Chung,zgarcia@payne.com,Northern Mariana Islands,2024-03-16,inactive
146,Nathaniel Malone,anne10@yahoo.com,Sweden,2024-01-08,pending
147,James Stuart,madisonlopez@hotmail.com,Poland,2024-08-12,active
148,Deborah Compton,eric59@chambers.com,Estonia,2023-10-02,pending
149,John Nichols,gmason@smith.com,Guadeloupe,2023-09-02,pending
150,Kayla Lee,thomasmichelle@anderson.com,Western Sahara,2024-03-04,pending
151,Sonya Payne,brianjohnson@hotmail.com,Ghana,2025-06-23,inactive
152,Jesus Blevins Jr.,ngallagher@hotmail.com,Bahrain,2023-09-22,pending
153,Anna Carpenter,crossbarbara@phillips.com,Brazil,2023-11-22,pending
154,Thomas Murphy,nicholas82@yahoo.com,United States Virgin Islands,2023-12-28,inactive
155,William Ford,charlesrodriguez@downs-sanchez.net,Montserrat,2023-12-15,pending
156,Chad Church,wilsonsteven@yahoo.com,Libyan Arab Jamahiriya,2025-04-10,inactive
157,Jessica Thomas,stephen25@allen.com,Cameroon,2024-12-16,pending
158,Lori Garcia,jessica87@yahoo.com,Gibraltar,2024-11-12,inactive
159,Whitney Tran,gbowman@swanson-nelson.com,Syrian Arab Republic,2024-10-18,active
160,Michael Huff,sharon67@vasquez.com,Aruba,2025-03-24,active
161,Angela Martinez,christine59@gmail.com,Eritrea,2025-03-21,active
162,Mrs. Kelly Nelson,selenajuarez@gmail.com,Hungary,2024-01-18,inactive
163,Charlene Lopez,allennicholas@williams.com,Liechtenstein,2025-04-16,pending
164,Anthony Page,miranda26@branch.biz,Sao Tome and Principe,2024-05-04,pending
165,David Jones,cprince@gray-dawson.com,Solomon Islands,2025-05-26,pending
166,Miranda Hayden,wisejohn@jones.info,Fiji,2024-04-29,inactive
167,Diana Baker,michael31@brown-diaz.com,Turkey,2025-02-15,pending
168,Ashley Patterson,bgonzales@yahoo.com,Malaysia,2023-08-09,active
169,Wendy Thompson,nicole83@hotmail.com,Antarctica (the territory South of 60 deg S),2024-06-30,pending
170,Mark Malone,williamsrichard@ibarra.info,Paraguay,2023-10-17,active
171,John Berger,bryan99@hotmail.com,Mayotte,2024-02-24,active
172,Amber Booth,paulclark@jones.net,Australia,2025-03-16,active
173,Kyle Smith,tedwards@jones.com,Uganda,2025-07-03,active
174,Abigail Burns,wgray@robinson.org,Sao Tome and Principe,2023-10-20,inactive
175,Robert Cardenas,omar83@yahoo.com,Suriname,2024-02-25,inactive
176,Mary Alvarado,krose@hernandez.org,Liberia,2024-08-29,inactive
177,Todd Robinson,gillryan@gmail.com,Mongolia,2025-04-10,inactive
178,Suzanne Walsh,charleslarson@yahoo.com,Pitcairn Islands,2024-10-24,active
179,Rebecca Gillespie,zallen@reynolds.org,Ghana,2023-08-03,pending
180,Richard Hudson,kperry@evans-daniels.com,Sweden,2023-08-03,inactive
181,Jason Taylor,lori84@ayers.com,Monaco,2024-04-03,active
182,Phillip Farmer,ryan65@hotmail.com,Equatorial Guinea,2024-05-16,pending
183,Dylan Grant,wesleybarajas@eaton.com,Saint Helena,2025-03-10,inactive
184,Anthony Blake,zbender@gmail.com,American Samoa,2024-08-22,inactive
185,Robert Vargas,jenniferstewart@gmail.com,British Virgin Islands,2025-05-31,active
186,Sophia Park,kenneth18@yahoo.com,Sudan,2024-09-23,active
187,Phillip Barnes,racheljones@yahoo.com,France,2024-06-11,pending
188,Raymond Smith,camposbrenda@hotmail.com,Falkland Islands (Malvinas),2024-06-19,inactive
189,Lindsay Suarez,heather73@gmail.com,Cayman Islands,2025-01-17,active
190,Alicia Petty,tfrazier@woods.biz,Croatia,2024-09-24,pending
191,John Martin,cooperkeith@marshall.com,Costa Rica,2025-03-21,active
192,Lee Ochoa,igallagher@hotmail.com,Saint Barthelemy,2024-04-01,inactive
193,Eric Dunlap,angela90@yahoo.com,Gibraltar,2024-03-15,inactive
194,William Nunez,christopher53@chang-white.com,Chad,2024-01-12,pending
195,Billy Harper,xtorres@gmail.com,Angola,2023-09-26,pending
196,Alexis Ross,drodriguez@yahoo.com,Colombia,2025-06-16,pending
197,Christopher Mann,sylviarodriguez@yahoo.com,Sri Lanka,2024-07-22,pending
198,Aaron Anderson,fanderson@daniels.com,Pitcairn Islands,2024-08-09,pending
199,John Pacheco,branchsteven@yahoo.com,Romania,2023-07-29,inactive
200,Eric Rollins,jessica85@russell-rivers.com,Martinique,2025-05-29,active
201,Jessica Bailey,kathrynvelez@lee-blake.com,Qatar,2024-10-16,pending
202,Shane Rice,stevengregory@yahoo.com,Grenada,2025-02-09,pending
203,Jane Smith,schwartzelizabeth@hotmail.com,Solomon Islands,2024-11-30,pending
204,Tara Monroe,sarah46@butler-wilkins.com,Tajikistan,2023-11-29,active
205,Lee Garner,amorales@garcia.com,Saint Pierre and Miquelon,2024-02-11,inactive
206,David Jimenez,cherylwhitney@yahoo.com,Luxembourg,2024-12-22,pending
207,Sarah Travis,jonesmatthew@hall.net,Netherlands,2024-08-07,inactive
208,William Underwood,meltonjeremy@yahoo.com,Palau,2025-03-15,inactive
209,Heather Russo,elijahwalker@arnold.com,Equatorial Guinea,2024-07-07,pending
210,Kristina Todd,rwagner@hotmail.com,Bahrain,2024-03-29,pending
211,Heather Brady,lisa30@hotmail.com,El Salvador,2024-04-25,active
212,Peter Brown,hayleypotter@daniel-cardenas.biz,San Marino,2025-05-14,active
213,Dorothy Nelson,holtmark@gmail.com,Bosnia and Herzegovina,2023-10-10,pending
214,Yvette Curry,jgolden@hotmail.com,Algeria,2023-09-06,pending
215,Jamie Deleon,parksadrian@miller.com,Spain,2023-09-18,inactive
216,Alicia Cox,lukenguyen@gmail.com,British Indian Ocean Territory (Chagos Archipelago),2023-07-22,inactive
217,Mary Cunningham,travisfoster@hotmail.com,Rwanda,2025-05-14,pending
218,Karen Howell,danielhall@garcia.biz,Tonga,2023-10-07,inactive
219,Dawn Martin,kimberlyrice@hotmail.com,Malawi,2024-11-13,pending
220,Johnathan Anderson,halleddie@hotmail.com,Luxembourg,2024-04-20,pending
221,David Kim,okrause@yahoo.com,Peru,2024-06-09,active
222,Timothy Reid,gellis@gmail.com,Netherlands Antilles,2023-10-14,inactive
223,Martin Fletcher,kurt16@hotmail.com,Swaziland,2023-11-29,active
224,Kelly Carlson,kristin30@gmail.com,Benin,2025-01-01,inactive
225,Miss Janice Leon,haynesdanielle@hotmail.com,Faroe Islands,2024-02-28,pending
226,Tammy Parks,lisa76@yahoo.com,Uganda,2023-10-17,active
227,John Stark,ostephens@yahoo.com,Afghanistan,2024-06-23,active
228,Kayla Moran,vanessa22@yahoo.com,Gibraltar,2025-04-05,active
229,Carrie Sandoval,kmay@gmail.com,Mauritania,2025-02-21,active
230,Debbie Mendez,kennethsmith@yahoo.com,Mongolia,2023-09-13,pending
231,Derek Coleman,moorefranklin@gmail.com,Iran,2023-09-26,active
232,Joseph Tucker,phillipsrebecca@gmail.com,Nepal,2023-11-16,active
233,Stephen Benton,udodson@yahoo.com,United Kingdom,2025-03-26,pending
234,Margaret Russell,michael04@hotmail.com,Denmark,2023-12-28,active
235,Brad Rivas,morganturner@gross.org,El Salvador,2023-11-18,pending
236,Allison Miller,njohnson@yahoo.com,Guernsey,2024-09-18,pending
237,Kristen Nelson,benjamin56@hotmail.com,Sierra Leone,2024-10-22,pending
238,Jason Manning,villarrealerika@gmail.com,Sudan,2024-12-10,pending
239,Marie Carey,cjones@gmail.com,Montserrat,2025-05-16,pending
240,Richard Crawford,cpowell@yahoo.com,Slovakia (Slovak Republic),2024-03-18,active
241,Kelly Velasquez,simpsonjohnathan@pierce.com,Pakistan,2023-10-26,active
242,Dale Williams,yjohnson@yahoo.com,Tuvalu,2023-07-11,active
243,Michelle Castillo,julieburgess@myers.biz,American Samoa,2025-06-21,inactive
244,Wanda Wong,edgarfuller@carter-lee.com,Dominica,2023-08-08,inactive
245,Michael Reyes,caroline04@brown-gregory.com,Iceland,2024-01-05,inactive
246,Gina Owen,zimmermanmatthew@copeland.info,Burkina Faso,2024-03-15,pending
247,Chad Williams,jrivas@gmail.com,Gabon,2024-12-28,active
248,Stacy Cox,wilsonjason@smith.info,Latvia,2025-03-18,inactive
249,Jacqueline Fields,choffman@hart.com,Uruguay,2024-09-24,inactive
250,Kristopher Newman,victor07@turner.com,Lithuania,2025-06-16,pending
251,Jonathan Wyatt,derek61@yahoo.com,Moldova,2024-02-20,pending
252,Charles Ball,lisaking@garner.org,Cyprus,2023-11-23,pending
253,Kim Williams,ewong@gonzalez-downs.org,Tokelau,2024-12-21,pending
254,Wesley Bailey,anna77@hotmail.com,Reunion,2025-06-15,active
255,Christine Martinez,lnavarro@sims.org,Vanuatu,2024-09-02,pending
256,Samantha Potter,laurie77@mcgee-davis.com,Dominican Republic,2025-04-13,pending
257,Valerie Cruz,jessicabailey@ortega.com,Germany,2024-08-09,active
258,Gary Boyd,zpowell@gmail.com,Canada,2024-09-21,active
259,Tonya Smith,iwiggins@gmail.com,Burkina Faso,2025-04-04,pending
260,Michael Cantrell,dickersoncourtney@graham.com,France,2025-01-22,inactive
261,Aaron Patel,james46@yahoo.com,Timor-Leste,2024-10-14,inactive
262,Kelsey Wilson,williamsolis@yahoo.com,Kenya,2023-10-04,active
263,Rachel Castillo,williamsonconnie@kirk-boyd.com,British Virgin Islands,2025-04-08,pending
264,Luis Armstrong,lawsonjennifer@yahoo.com,Benin,2024-04-18,active
265,Kimberly Mitchell,harrisryan@yahoo.com,Austria,2025-02-06,active
266,Sharon Martinez,ruthhill@hughes.com,Timor-Leste,2024-07-28,inactive
267,Christy Marshall,fowens@burgess-chan.info,Cote d'Ivoire,2024-05-11,inactive
268,Lisa Baxter,rhondaburgess@moore.net,Czech Republic,2025-01-27,active
269,Jeffrey Moran,amy87@yahoo.com,Cyprus,2025-05-03,pending
270,Natalie Hooper,woodsdenise@robinson.com,Slovenia,2024-02-15,inactive
271,Erica Martinez,whitejustin@prince.net,Sri Lanka,2024-09-06,active
272,Joshua Cuevas,jennamoore@hotmail.com,Gabon,2024-04-14,active
273,Timothy Rodriguez,heather41@yahoo.com,Cambodia,2024-05-06,inactive
274,James Nelson,joewatkins@hotmail.com,Comoros,2024-12-07,inactive
275,Brian Gomez,jameschristensen@brown.info,Montserrat,2024-05-25,active
276,Amy Taylor,williamdunn@gmail.com,Palau,2024-06-17,pending
277,Heather Peterson,cortezmegan@hotmail.com,Trinidad and Tobago,2024-10-19,pending
278,Andrea Adams,jessicacollins@gmail.com,Cyprus,2024-12-03,pending
279,Jeffrey Riggs,thompsongrant@gill-martinez.com,Bhutan,2025-02-18,pending
280,Lisa Martin,brianhoffman@washington.info,American Samoa,2023-10-15,active
281,Eric Barnes,phillipsjessica@henry.org,Bolivia,2025-02-07,active
282,Beth Dixon,bfritz@gmail.com,Canada,2023-08-05,pending
283,Julia Diaz,patricia63@gmail.com,Tanzania,2025-04-14,active
284,Logan Walker,mberry@vega.com,Pakistan,2024-09-25,active
285,Suzanne May,kstanton@yahoo.com,Morocco,2023-07-26,active
286,Maria Howard,martinezlori@butler.org,Gabon,2024-06-22,active
287,Sherry Kelly,brittany76@hotmail.com,Chile,2025-03-13,inactive
288,Leslie Goodwin,abigail52@james.com,Gabon,2024-02-04,inactive
289,Melissa Murphy,tlove@fernandez.biz,Lesotho,2024-05-02,active
290,Joshua Dunlap,vazquezbonnie@lewis-anderson.com,Peru,2024-10-24,pending
291,Seth White,bsmith@gmail.com,Panama,2025-05-05,pending
292,Trevor Walker,chambersmichael@lewis.com,Heard Island and McDonald Islands,2023-12-09,inactive
293,Christopher Chavez,xallen@gmail.com,Papua New Guinea,2023-09-13,inactive
294,Daniel Ferguson,thomas88@levine.com,Malaysia,2024-11-28,pending
295,Kevin Harris,hollandbeverly@hotmail.com,Heard Island and McDonald Islands,2023-11-15,inactive
296,Micheal Ferguson,staceywright@reeves.net,Grenada,2024-11-28,pending
297,William Baker,aaronpace@mullins.com,Botswana,2025-06-07,pending
298,Christopher Jimenez,nicholas49@tapia-beck.org,Azerbaijan,2024-01-28,pending
299,Eric Smith,moorevirginia@villarreal.com,Germany,2024-03-13,inactive
300,James Zamora Jr.,kim39@gmail.com,French Polynesia,2024-02-12,pending
301,Carol Garcia,ymcpherson@lucero.biz,Myanmar,2023-08-23,pending
302,Barbara Craig,strongdeanna@guzman-miller.com,Sudan,2024-04-11,active
303,Melissa Ortiz,pconner@hotmail.com,United States Minor Outlying Islands,2024-08-02,inactive
304,Ryan Rich,ashleyellis@gmail.com,Liberia,2024-03-02,pending
305,Valerie Combs,yzamora@lewis-johnson.com,Mauritania,2024-04-13,active
306,Dana Rogers,jrobinson@nichols-johnson.com,Grenada,2024-01-14,pending
307,David Espinoza,laura68@webster.com,Malawi,2024-06-01,inactive
308,Aaron Parker,ewhite@gmail.com,Suriname,2023-08-21,active
309,Andrew Thompson,richardsonkyle@yahoo.com,Trinidad and Tobago,2024-06-06,active
310,Kirsten Skinner,perezamber@kelley.biz,Malawi,2024-04-06,active
311,Pamela Chen,schroederjanice@walton-roberts.com,French Polynesia,2025-01-28,pending
312,Jesus George,christine88@yahoo.com,Martinique,2024-10-29,inactive
313,Mary Smith,gnguyen@yahoo.com,Poland,2024-05-04,pending
314,Oscar Rodriguez,smontgomery@gmail.com,Saint Pierre and Miquelon,2024-11-23,pending
315,Brandon Nolan,ntran@boyd.com,Belarus,2024-09-18,active
316,Amy Carey,thomasnicholas@gmail.com,United Kingdom,2025-04-09,active
317,Beth Crawford,teresa98@hotmail.com,Turks and Caicos Islands,2024-03-30,pending
318,Maria Medina,mcdonaldjennifer@davis.com,Haiti,2025-02-26,active
319,Jesus Harris,ginagarza@perry-ramsey.com,Lao People's Democratic Republic,2024-10-22,pending
320,Ashley Rodriguez,melissa93@payne-smith.com,Papua New Guinea,2024-08-12,pending
321,Mark Walters,satkins@gmail.com,Bahamas,2023-10-22,active
322,Donald Kennedy,lewissarah@gmail.com,Myanmar,2023-11-17,inactive
323,Joyce Edwards,mcneilrebecca@farmer-hardin.com,Burkina Faso,2023-09-09,inactive
324,Beverly Walter,faulknerjason@pittman.info,South Georgia and the South Sandwich Islands,2024-11-06,active
325,James Ruiz,wheelerhoward@yahoo.com,Cameroon,2025-01-27,inactive
326,Karen Williamson,gutierrezluis@hotmail.com,Sri Lanka,2025-03-23,pending
327,Lindsay Baker,jamesmartinez@barnes-foster.org,Palau,2025-03-08,inactive
328,Ashley Hudson,leahwilliams@yahoo.com,Bangladesh,2025-01-13,active
329,Jocelyn Cross,joseph62@gmail.com,Kuwait,2024-01-17,active
330,Ms. Megan Johnson,jason61@yahoo.com,Sudan,2023-08-24,inactive
331,Steven Wallace,francisclark@lee.biz,Norfolk Island,2024-12-23,active
332,Aaron Brown Jr.,obrienhelen@hotmail.com,Qatar,2024-08-04,active
333,Shane Smith,stricklandmelinda@rubio-waller.com,Yemen,2024-07-24,active
334,Alexa Valenzuela,wmorris@hotmail.com,Iraq,2024-07-13,inactive
335,Timothy Murphy,griffinsara@yahoo.com,Cayman Islands,2024-12-30,pending
336,Michelle Romero,kristin60@sanchez-howard.net,Saudi Arabia,2025-01-13,active
337,Jeremy Smith,thomas48@hotmail.com,Nauru,2024-03-18,inactive
338,Katherine Hernandez,cody12@baker.com,Papua New Guinea,2024-05-13,pending
339,Felicia Trevino,jaredflores@yahoo.com,Zambia,2025-06-27,inactive
340,Patrick Cain,stevensshane@gmail.com,Vanuatu,2023-09-14,pending
341,Rachael Vance,mitchellleon@yahoo.com,Chad,2024-08-22,active
342,Molly White,jillgray@smith.biz,Lithuania,2023-10-02,inactive
343,Brandon Myers,ohodges@eaton.net,Bolivia,2024-08-02,pending
344,Crystal Miller MD,teresa02@young-preston.com,Croatia,2024-01-18,pending
345,Matthew Morgan,caseymiller@hotmail.com,Andorra,2024-09-25,inactive
346,Kayla Sanders,robinfleming@gmail.com,Argentina,2025-06-22,pending
347,Nancy Carpenter,james07@durham-stewart.biz,Rwanda,2025-02-22,active
348,Michael Ortega,ariana32@hanson-buckley.com,Venezuela,2024-03-31,pending
349,Kevin English,julianlloyd@gmail.com,Haiti,2024-09-03,active
350,Clinton Turner,joseph01@hotmail.com,Guernsey,2024-07-15,pending
351,Susan Jones,danielmanning@gmail.com,Nicaragua,2025-03-25,inactive
352,Ryan Montgomery,nmata@harper.com,Nicaragua,2023-12-14,active
353,Shannon Stevens,erik20@spencer.com,Montserrat,2025-01-05,active
354,Tiffany Arroyo,hunterjessica@gmail.com,Uganda,2025-05-29,pending
355,Jose Phillips,sydneyjohnson@gmail.com,Marshall Islands,2023-10-24,active
356,Travis Garza,mlopez@gmail.com,Mayotte,2024-09-16,active
357,Amy Harrell,perezdustin@smith.com,Solomon Islands,2025-07-03,active
358,Rebecca Wagner,kellykayla@hotmail.com,Monaco,2025-04-04,pending
359,Dylan Miller,stuartsteven@gmail.com,Saint Pierre and Miquelon,2025-04-29,active
360,Michael Gonzalez,abbottrodney@yahoo.com,Nigeria,2024-01-11,inactive
361,Michele Good DVM,castilloaaron@gmail.com,Chad,2025-04-06,inactive
362,David Young,ikelly@hotmail.com,Cape Verde,2025-05-25,inactive
363,Jesse Williams,stevenperry@hotmail.com,Turkey,2024-10-06,inactive
364,Christy Reyes,paultanner@yahoo.com,Isle of Man,2025-02-25,active
365,Keith Harrell,patriciakelly@hotmail.com,Mayotte,2023-08-31,inactive
366,Sylvia Malone,sdelgado@jones-singh.info,Central African Republic,2025-03-27,active
367,Joseph Best,fredericksullivan@miller.com,Comoros,2025-04-28,inactive
368,Joseph Waller,ericwalker@yahoo.com,Algeria,2024-09-01,inactive
369,Joel Johnson,jdrake@grant.com,Malaysia,2025-01-12,pending
370,Linda Brown,jason80@murphy.org,Honduras,2025-03-06,inactive
371,James White,madelinebaker@anderson-jones.biz,Serbia,2024-09-16,active
372,Steven Ray,hross@walker.com,Nepal,2023-09-25,inactive
373,Allison Burton,brianna51@yahoo.com,Anguilla,2024-04-26,inactive
374,John Wallace,dylanstout@velasquez.com,Togo,2024-04-04,active
375,Thomas Burns,abradley@hotmail.com,Spain,2025-01-30,pending
376,Tamara Gilbert,qmercado@hoover.com,Montserrat,2023-11-01,active
377,Joseph Farley,jeanbrown@baker.com,Macao,2023-09-17,active
378,George Green,courtney82@russo.biz,Canada,2023-08-28,pending
379,Kyle Contreras,pottscynthia@hotmail.com,French Guiana,2024-11-29,active
380,Chris Lamb,diazsarah@hotmail.com,Cameroon,2024-05-07,inactive
381,Clinton Harrington,omiller@miller-moody.org,Belize,2024-10-19,active
382,Tamara Hernandez DVM,karen49@yahoo.com,Nauru,2024-06-25,inactive
383,Matthew Dean,brianscott@carter.net,South Georgia and the South Sandwich Islands,2025-05-17,inactive
384,Teresa Townsend,arthur92@nolan-black.com,Palestinian Territory,2024-02-03,inactive
385,Jennifer Hinton,briancruz@gmail.com,New Caledonia,2024-08-18,inactive
386,Patricia Martinez,christian05@yahoo.com,Cayman Islands,2025-03-28,active
387,Mr. Matthew Nelson,brownanne@thomas.biz,Guinea,2025-02-13,pending
388,Michael Espinoza,esimon@wright-baker.org,Paraguay,2025-02-18,pending
389,Nathan Hubbard,justinhall@yahoo.com,Mauritius,2024-09-05,inactive
390,Denise Moran,amanda12@gmail.com,Bermuda,2024-04-30,active
391,Andrew Newman,brandi08@gmail.com,Cape Verde,2024-04-04,active
392,Sheri Green,annabrooks@gmail.com,India,2023-12-03,pending
393,Crystal Flores,deborah34@gmail.com,Jersey,2025-05-06,active
394,Rodney Rodriguez,kristen52@lopez.com,New Caledonia,2024-11-08,inactive
395,Jaime Walters,barbara44@yahoo.com,Christmas Island,2023-07-10,inactive
396,Jennifer Willis,rebeccarivas@gmail.com,Faroe Islands,2024-06-22,active
397,Beverly Lynn,scottkathleen@gmail.com,United States Virgin Islands,2025-02-19,pending
398,David Anderson,rwest@rojas.com,Tokelau,2025-03-08,inactive
399,John Burch,mariobrown@hotmail.com,El Salvador,2025-03-01,inactive
400,Tara Phillips,rodriguezpaula@mccullough.biz,Sierra Leone,2023-09-21,pending
401,Shannon Ford,mwilson@lee.biz,Lao People's Democratic Republic,2023-12-12,active
402,William Soto,isaac77@schultz.biz,Madagascar,2025-01-18,active
403,Beverly Brock,william88@hotmail.com,China,2023-09-25,inactive
404,John Crosby,stewartsabrina@blackburn-parrish.com,Belize,2024-03-09,inactive
405,Nancy Garcia,shannon38@flynn-davis.com,Palau,2024-04-26,inactive
406,Dr. Leah Maynard,igarcia@soto.org,Guadeloupe,2023-11-14,active
407,Kyle Hahn,kimberly37@lawrence.com,Saint Kitts and Nevis,2023-09-09,inactive
408,William Garcia,coryjacobs@jones.net,Gibraltar,2024-03-11,pending
409,Dr. Connie Jimenez MD,eatonbrian@garcia.net,Russian Federation,2025-02-02,inactive
410,Sherry Patel,traceyduncan@hotmail.com,Anguilla,2023-11-04,active
411,Samantha Thompson,jesse02@hotmail.com,Paraguay,2025-02-18,pending
412,Brian Smith,martinjulie@gmail.com,El Salvador,2024-02-16,active
413,Jason Thompson,psanchez@yahoo.com,Namibia,2025-05-28,active
414,Eric Estrada,aaron40@patterson.net,Kenya,2024-06-21,active
415,Reginald Salinas,icampos@hotmail.com,Guam,2023-08-01,pending
416,Sarah Burch,lwashington@dean.com,Kazakhstan,2025-05-03,pending
417,Tim Bryant,brianna48@jarvis-smith.com,Sudan,2025-05-07,pending
418,Mark Johnston,ryan57@yahoo.com,Iceland,2025-06-20,inactive
419,Edward Lopez,williamcole@yang.net,Saint Lucia,2023-11-10,pending
420,Judith Spears,nwilson@turner.com,Bahamas,2024-05-24,active
421,Tommy Fernandez,twilson@rodriguez.biz,Croatia,2023-12-21,pending
422,Diana Carter,pattersonrobin@gibson.org,French Southern Territories,2024-10-06,inactive
423,Mark Payne,megansmith@yahoo.com,Norway,2023-11-11,pending
424,Katherine Bailey,jeanhenry@johnston.com,Sudan,2024-11-04,pending
425,Cindy Bennett,randall05@yahoo.com,Sierra Leone,2025-02-25,pending
426,Scott Murphy,michael96@yahoo.com,Zimbabwe,2025-05-05,active
427,Emily Tanner,afernandez@gmail.com,Indonesia,2024-05-04,active
428,Daniel Mcgee,taylorchristine@hotmail.com,Macao,2025-06-13,inactive
429,Dr. Susan Harrell,stephenhanna@smith.com,United States of America,2025-04-04,pending
430,Michelle Cooper,kharris@butler.com,Rwanda,2024-03-07,active
431,Jay Miller,robinlynn@cook.org,Bangladesh,2024-07-18,active
432,Kathryn Chung,yholmes@hotmail.com,Maldives,2024-11-21,inactive
433,Sharon Curtis,kimpierce@yahoo.com,Japan,2024-08-04,active
434,Regina Anderson,stephaniebrown@hotmail.com,Austria,2025-05-12,pending
435,David Harvey,timothyholmes@gmail.com,American Samoa,2023-08-11,inactive
436,Bobby Wolf,christopher54@hotmail.com,Kiribati,2024-02-09,inactive
437,Michele Scott,fieldsbrian@gmail.com,Christmas Island,2024-06-16,pending
438,Norma Walsh,imurray@richardson.com,Nepal,2025-05-20,inactive
439,Joseph Gamble,alexsalinas@johnson-freeman.com,Belgium,2024-05-23,pending
440,Jeffrey Trujillo,adavis@yahoo.com,United States of America,2024-09-13,inactive
441,Bryan Shah,browntammy@sims-compton.org,Puerto Rico,2023-07-30,inactive
442,Joseph James,ruizjacqueline@hotmail.com,Kazakhstan,2025-01-13,pending
443,William Deleon,bondtimothy@gmail.com,Venezuela,2024-11-24,pending
444,Bobby Griffith,kevinclarke@moses.net,Guinea-Bissau,2024-07-13,inactive
445,Tina Smith,samuel83@phelps.com,Austria,2023-11-05,inactive
446,Ana Shea MD,beardcynthia@carr-jones.com,Belize,2024-03-30,active
447,Richard Russo,ereyes@davis.biz,Turkey,2025-03-31,active
448,Timothy Johnson,jacqueline54@dean-brown.com,Malawi,2023-12-18,active
449,Leslie Bishop,kyle65@hotmail.com,Nigeria,2023-11-19,active
450,Miss Krista Lowe,daniel11@smith.com,United States of America,2025-01-15,inactive
451,Brendan Knapp,barkerandrew@yahoo.com,Congo,2024-09-24,inactive
452,Monica Keller,jacksonnicole@yahoo.com,Austria,2024-01-03,active
453,Daniel Smith,hlopez@gmail.com,Norway,2024-04-11,inactive
454,Michelle Holloway,jessicariley@yahoo.com,Portugal,2024-09-08,active
455,Mark Taylor,uleach@hotmail.com,Antigua and Barbuda,2023-11-23,pending
456,Robert Martinez,thomasrodney@robinson.com,American Samoa,2025-03-10,pending
457,David Blake,fperry@gmail.com,Zambia,2024-10-11,inactive
458,Sherry Harper,jonesmatthew@gmail.com,Cuba,2024-09-22,inactive
459,Bailey Hoffman,robert21@kline-mathis.com,Croatia,2025-02-09,inactive
460,Kevin Turner,chad05@yahoo.com,Germany,2025-05-23,active
461,Rebecca Smith,xdavis@cook-nelson.org,United Kingdom,2025-04-22,pending
462,Jason Diaz,christophererickson@nelson.com,Honduras,2023-11-14,pending
463,Nicole Pearson,apatel@hotmail.com,Bosnia and Herzegovina,2025-05-14,active
464,Kiara Bass,yporter@hotmail.com,Israel,2025-04-02,active
465,Lydia Bishop,brandon10@hotmail.com,Eritrea,2023-12-14,inactive
466,Brett Edwards,charlesbrady@gmail.com,Benin,2025-01-09,active
467,Tiffany Golden,christopherdiaz@yahoo.com,Seychelles,2025-06-15,inactive
468,Scott Roberts,holtjuan@yahoo.com,Croatia,2024-03-26,pending
469,Mark Doyle,jon12@gmail.com,Burkina Faso,2024-07-31,active
470,Roger Taylor,mikebrown@hotmail.com,Denmark,2023-08-28,inactive
471,Denise Padilla,gomezmartha@hotmail.com,Guinea,2024-01-06,pending
472,Jacob Pugh,wwilliams@stout-meyers.com,Reunion,2025-07-04,inactive
473,Collin Taylor,john92@gmail.com,Tonga,2023-11-24,inactive
474,Allen Reid,mckinneymary@hotmail.com,Uzbekistan,2024-01-19,pending
475,Curtis Medina,adameverett@barnes.org,Uruguay,2024-02-18,inactive
476,Larry House,john18@gmail.com,Swaziland,2024-03-19,pending
477,Luis Howard MD,ingramtracy@hotmail.com,Guernsey,2024-03-07,inactive
478,Leslie Poole DVM,elizabethhenderson@gmail.com,Niue,2025-04-14,inactive
479,Catherine Carr,clarkderrick@gmail.com,Guinea-Bissau,2025-03-26,active
480,Monique Davidson,lisa04@gmail.com,Barbados,2023-10-24,pending
481,Deborah Thompson,esmith@hotmail.com,Lithuania,2024-04-30,pending
482,Tammy Kennedy,millerjeffrey@rivera.com,Tokelau,2023-12-21,active
483,Cody Smith,ilarson@hill.com,Samoa,2025-06-26,pending
484,Diane Carpenter,matthewadams@hotmail.com,Tuvalu,2025-06-08,pending
485,Kristen Perry,andrewsdaniel@villarreal.info,Lesotho,2023-11-19,pending
486,Maria Gross,murphymatthew@hotmail.com,Maldives,2025-02-25,pending
487,Elizabeth Massey,margaret89@lucas.com,Cape Verde,2024-07-31,inactive
488,Kevin Spencer,aprilcurtis@wu-lozano.net,Guernsey,2024-06-26,inactive
489,Thomas Harding,linda71@jacobs.com,Azerbaijan,2023-10-28,inactive
490,Jamie Gonzales,ashlee52@johnson-jones.com,Gambia,2024-12-26,active
491,Samantha Harrell,esmith@cox.biz,Portugal,2024-11-02,inactive
492,Brenda Malone,audreybutler@guzman.com,Slovenia,2024-06-28,active
493,Kristina Cook,dianesanders@yahoo.com,Ireland,2025-06-25,pending
494,Melanie Mccormick,rstafford@schroeder.biz,Dominican Republic,2024-02-06,pending
495,Maurice Marquez,johnsonamber@yahoo.com,Andorra,2024-05-04,inactive
496,Scott Morris,robert82@yahoo.com,Mali,2024-04-15,active
497,Ryan Hayes,nfoster@gmail.com,Tokelau,2024-04-22,active
498,Scott Ray,heidiestes@brown.biz,Maldives,2024-10-14,pending
499,Jason Wang,pricewilliam@allison.net,Yemen,2025-04-20,pending
500,Amanda Snow,dyates@hotmail.com,Haiti,2024-04-05,pending
501,Angel Jones,wflores@hotmail.com,Jordan,2024-11-06,pending
502,Barbara Mejia,carterjeffrey@yahoo.com,Bermuda,2024-12-25,pending
503,Sara Arnold,ewingjames@lee.com,Brunei Darussalam,2025-04-22,pending
504,Tamara Nguyen,joshuajones@hotmail.com,Libyan Arab Jamahiriya,2024-01-10,inactive
505,Jordan Boyle,kerryjones@gmail.com,Equatorial Guinea,2024-05-31,inactive
506,Philip Watson,mark08@jackson-reyes.com,Ethiopia,2025-02-06,pending
507,Deanna Johnson,jacksonchris@perez-casey.info,Korea,2024-12-29,pending
508,Gary Best,todd64@green-bradley.com,Cyprus,2024-04-04,active
509,Stephen Flores,smithalexander@mcmillan-cook.com,Faroe Islands,2023-11-21,active
510,Jonathon Mccormick,reedhenry@ball.com,Reunion,2024-09-04,pending
511,Luke Miller,michellebutler@jackson.com,United Kingdom,2024-11-09,active
512,John Friedman,jeffrey67@neal.com,Peru,2024-09-20,active
513,Frank Haynes,hjohnson@hotmail.com,Tunisia,2023-12-20,active
514,Amanda Buckley,wheelerbrenda@hotmail.com,Poland,2024-04-02,inactive
515,Jasmine Mahoney,michaelowens@thompson.net,Kazakhstan,2024-09-28,active
516,Johnny Burgess,plynch@yahoo.com,Malawi,2023-10-06,inactive
517,Kayla Maynard,angela81@hotmail.com,Ukraine,2023-09-19,inactive
518,Carolyn Cain,jasmine19@hotmail.com,South Georgia and the South Sandwich Islands,2024-02-25,active
519,Shawn Perez,brownseth@hotmail.com,United Arab Emirates,2025-03-06,inactive
520,Stephanie Cox,kramerjohn@robertson-morgan.com,United Kingdom,2024-02-16,inactive
521,David Smith,todd51@hunter-ramirez.info,Uruguay,2024-11-20,inactive
522,Mr. John Sparks,whitedestiny@jones.com,Ecuador,2025-03-10,active
523,Mercedes Rodriguez,yangmichael@gmail.com,Netherlands,2024-05-21,active
524,Antonio Davis,april78@martinez.info,Cambodia,2025-01-28,pending
525,Rachel Carroll,scott38@hammond.net,Russian Federation,2024-01-10,active
526,Taylor Houston,ssolomon@gmail.com,Bouvet Island (Bouvetoya),2023-08-30,active
527,Andrew Jackson,johnsonkimberly@miller.com,Haiti,2024-06-19,inactive
528,Donald Collier,erinallen@gmail.com,Cayman Islands,2023-10-28,pending
529,Eric Aguirre,michelle61@hotmail.com,Qatar,2024-07-31,pending
530,Donald Mason,znunez@yahoo.com,Zimbabwe,2024-12-13,inactive
531,Adrian Wiley,patrick40@sexton.net,Central African Republic,2023-12-05,pending
532,Justin Roberts,fgrant@orr.com,Kuwait,2024-09-09,active
533,Wesley Horton,bennettbrent@porter.info,Kyrgyz Republic,2025-02-24,pending
534,Edwin Perez,salazardustin@yahoo.com,Tajikistan,2023-08-23,pending
535,Kyle Thompson,yvonne25@hotmail.com,Switzerland,2024-09-27,inactive
536,William Garcia,destiny61@gmail.com,Ecuador,2025-03-06,inactive
537,Nicole Marsh,clang@hotmail.com,Korea,2024-02-09,pending
538,Deanna Hicks,tbradley@thompson.org,Thailand,2024-12-12,inactive
539,Daniel Adams,jacksonmichael@hotmail.com,Czech Republic,2023-07-23,active
540,William Moore,pbaxter@hotmail.com,British Virgin Islands,2023-09-03,active
541,Daniel Walters,rachelpena@duncan.biz,Madagascar,2025-05-12,pending
542,Cathy Collins,zmartinez@gmail.com,Heard Island and McDonald Islands,2024-04-13,pending
543,Kayla Taylor,amandabailey@dunn.com,Russian Federation,2025-05-05,active
544,Stephanie Andrews,jasminemartin@hotmail.com,Honduras,2024-04-18,active
545,Martin Lopez,pgarcia@gmail.com,Timor-Leste,2023-07-11,inactive
546,Norman Marshall,nicholaslyons@ruiz.com,Cuba,2025-04-26,inactive
547,Kelly Jones,austinerika@ross.info,Hong Kong,2025-06-14,pending
548,Chad James,moonanthony@williams.com,French Guiana,2023-09-01,pending
549,Kristina Bowman,zmoore@yahoo.com,Fiji,2024-01-10,inactive
550,Rachel Gardner,wcox@hotmail.com,Kuwait,2024-08-10,active
551,Michael Landry,lindsay42@yahoo.com,Senegal,2024-06-30,inactive
552,Luke Garcia,jamiemichael@yahoo.com,Zimbabwe,2024-09-24,inactive
553,Manuel Meyer,qbyrd@rodriguez-white.com,Saint Vincent and the Grenadines,2024-10-17,active
554,Lisa Thomas,qkey@shaw.com,Nigeria,2024-05-30,inactive
555,Jared Steele,sanchezjohn@fox.net,Macao,2024-10-13,inactive
556,Raven Gomez,fernandezmark@rose-smith.com,Palestinian Territory,2023-12-26,pending
557,Eric Friedman,millertara@hotmail.com,Cayman Islands,2025-07-06,active
558,Angela Hoffman,angela31@gmail.com,Israel,2024-10-15,active
559,Valerie Harrington,kimberly24@yahoo.com,Tuvalu,2024-04-07,inactive
560,Devon Neal,josephgardner@hotmail.com,Tuvalu,2024-01-04,inactive
561,Aaron Cole,nicholas51@hotmail.com,Poland,2024-08-28,pending
562,Gregory Martin,joseph46@yahoo.com,Turkey,2023-10-18,pending
563,John James,sheila11@gmail.com,French Polynesia,2024-10-06,active
564,Robert Parker,amyreese@hotmail.com,Marshall Islands,2024-10-04,inactive
565,Logan Mitchell,brownjames@hotmail.com,San Marino,2023-07-28,active
566,Nicholas Garcia,fsoto@zuniga.info,Cuba,2024-05-19,inactive
567,Alison Smith,stephen19@gmail.com,Eritrea,2024-05-10,inactive
568,Christopher King,sylvia04@yahoo.com,French Polynesia,2025-02-04,inactive
569,Timothy Harper,steven44@yahoo.com,Saint Kitts and Nevis,2024-04-08,active
570,Sandra Guerrero,rickymullins@hartman.com,Guernsey,2024-12-02,pending
571,Mr. Zachary Ray,erin41@martin-young.org,Guinea,2025-03-24,pending
572,Andrea Paul,snydervalerie@johnson.com,Cameroon,2025-05-24,active
573,Clifford Rodriguez,tacevedo@whitehead.net,Faroe Islands,2024-07-08,active
574,Thomas Mcdonald,brownpeter@gmail.com,Guadeloupe,2024-09-05,pending
575,Anthony Kirby,shelleylawson@yahoo.com,Mauritius,2025-04-10,active
576,Robert Wood,saraharris@gmail.com,Saint Barthelemy,2025-05-16,inactive
577,Joshua Harrison,urandall@powell.com,Sudan,2025-06-08,active
578,Grace Hughes,pettymartha@hotmail.com,United States Virgin Islands,2023-12-14,inactive
579,Donald Willis,gracesmith@yahoo.com,Mozambique,2023-09-17,pending
580,Raymond Howard,thomaschristopher@martin.net,Korea,2025-04-04,pending
581,Shannon Mccarthy,heathergibson@hotmail.com,Bangladesh,2023-10-02,active
582,Stephanie Baker,tonymcclain@thompson-jensen.com,Belarus,2024-04-28,pending
583,Paul Massey,davidsmith@yahoo.com,Svalbard & Jan Mayen Islands,2023-10-04,active
584,Susan Jones,rphillips@yahoo.com,Tokelau,2024-03-24,inactive
585,Sheila Day,cmoore@bradley.com,Canada,2025-07-03,pending
586,Angela Diaz,wallaceashley@greene.com,Cook Islands,2023-07-20,active
587,Robert Mooney,garretthenry@hotmail.com,French Southern Territories,2023-11-29,pending
588,Joshua Dudley,mdouglas@hotmail.com,Saint Kitts and Nevis,2023-10-28,active
589,Angie Evans,jaime25@norris-johnson.net,Svalbard & Jan Mayen Islands,2025-03-18,pending
590,Eric Kim,nhamilton@roberts.org,Saint Pierre and Miquelon,2024-12-23,active
591,Juan Allen,scotttheresa@shaw-ward.com,Maldives,2024-07-17,inactive
592,Dr. Diana Morse,perezchristopher@gmail.com,Thailand,2023-11-17,active
593,Gregory Garcia MD,ttate@hotmail.com,Switzerland,2024-12-07,pending
594,Leon Mitchell,kellyjohnson@gmail.com,Afghanistan,2025-05-21,active
595,Jack Lester,oscar83@hotmail.com,Armenia,2024-06-28,inactive
596,Sheila Tucker,sheilageorge@gmail.com,Saint Helena,2024-02-16,inactive
597,Kayla Hunter,tiffanydavis@yahoo.com,Nicaragua,2023-08-01,inactive
598,David Sanders,martinezkevin@yahoo.com,Ukraine,2023-11-05,active
599,Katie Chavez,vgonzalez@santana.com,Peru,2025-02-03,inactive
600,Kaylee Arnold,barkerseth@hotmail.com,Uruguay,2025-03-24,inactive
601,Megan Lopez,austin80@gmail.com,Equatorial Guinea,2023-11-13,active
602,Andre Peterson,scottblair@gmail.com,Seychelles,2025-02-17,active
603,Maria Cardenas,riveradaniel@hotmail.com,Seychelles,2024-10-06,pending
604,Brandy Glover,terri65@gmail.com,Montenegro,2025-06-11,pending
605,Michael Luna,cody51@french.org,Martinique,2024-06-20,active
606,Brooke Thompson,robertwinters@yahoo.com,Christmas Island,2024-06-12,active
607,Antonio Jones,gibsongregory@yahoo.com,French Guiana,2023-09-11,active
608,Laura Gonzales,mitchellcastaneda@gmail.com,Macedonia,2025-01-19,active
609,Dylan Sims,gburton@jackson-elliott.com,Togo,2025-04-09,active
610,Julie Reed,william72@yahoo.com,Russian Federation,2024-05-27,inactive
611,Brian Lawson,nclark@hotmail.com,Lebanon,2023-10-20,pending
612,Derrick Hunter,tammyrusso@cook.net,Russian Federation,2024-03-22,pending
613,Pamela Clay,qhunt@hogan.com,Tunisia,2025-03-28,pending
614,Amanda Hayden,jessica35@hotmail.com,New Caledonia,2024-08-15,inactive
615,Kelly Curtis,mguerrero@hotmail.com,Norway,2025-06-04,active
616,Julia Meyer,reidjennifer@davidson.com,Montenegro,2023-10-28,inactive
617,Christine Wong,ashleymason@hotmail.com,Syrian Arab Republic,2023-12-27,active
618,Breanna Gomez,catherine01@hotmail.com,Portugal,2025-06-04,pending
619,Stacey Gillespie,william78@carrillo-henry.com,Aruba,2024-03-28,pending
620,Samuel Perry,ralph74@gmail.com,Falkland Islands (Malvinas),2025-03-30,active
621,Michael Rodriguez,kimberlyfuller@petersen-nguyen.org,China,2024-06-29,inactive
622,Michael Kane,kellyamber@gmail.com,Greenland,2024-07-18,pending
623,Ronnie Gallagher,jamie59@yahoo.com,Saudi Arabia,2024-10-14,pending
624,Gabriella Reeves,jamie43@parsons-lara.org,India,2023-11-15,pending
625,George Ford,gdickerson@gmail.com,Kuwait,2025-05-17,pending
626,Mason Hughes,colton45@cohen-wolf.info,Saint Kitts and Nevis,2025-02-26,pending
627,Kathleen Ferguson,brentdavis@yahoo.com,Myanmar,2024-08-08,pending
628,Virginia Tran,igardner@hotmail.com,Mali,2025-03-13,active
629,Julia Chen,smithgeorge@fernandez.com,Haiti,2024-02-05,inactive
630,Isabella Nichols,marilyn86@hotmail.com,Bhutan,2024-08-27,inactive
631,Benjamin Chambers,curtishawkins@hotmail.com,Somalia,2023-10-30,active
632,Pamela White,collinskaren@jacobson-cole.biz,Ghana,2024-11-24,active
633,Taylor Gonzalez,christopher54@woods-collins.com,Saint Barthelemy,2025-04-02,active
634,William Gutierrez,tsmith@franklin.com,Tunisia,2024-11-07,active
635,Jimmy Bennett,rachellyons@ball.com,Rwanda,2023-10-18,active
636,Destiny Hunter,nicholasdavis@henderson-williams.info,Costa Rica,2025-03-02,active
637,Sean Curtis,parroyo@hotmail.com,Belize,2025-01-09,inactive
638,Yolanda Flores,casey50@hotmail.com,Sierra Leone,2024-04-23,pending
639,Michael Rodriguez,gregorymiddleton@campbell.info,Armenia,2025-06-13,active
640,Robert Morales,martinezapril@leonard.net,Switzerland,2024-10-10,pending
641,Paul Patterson,tracy38@yahoo.com,Eritrea,2025-02-08,active
642,Morgan Lopez,wrosales@gmail.com,Belize,2025-04-25,active
643,Suzanne West,sarah77@hotmail.com,United States Virgin Islands,2025-03-07,pending
644,Lynn Gonzalez,jessica82@clarke-castro.com,Morocco,2024-04-21,pending
645,Diana Gibson,jill28@garcia.info,Djibouti,2024-10-12,active
646,Justin Hernandez,alyssa74@yahoo.com,United States of America,2024-06-16,active
647,John Bird,tammy09@wright.com,Cuba,2023-12-30,active
648,Sarah Woods,margaret08@yahoo.com,Latvia,2025-01-01,inactive
649,Connie Oneal,garyobrien@yahoo.com,Italy,2024-09-03,active
650,April Hill,josewilliams@vincent.com,Martinique,2024-02-17,active
651,Lori Anderson,sandovaljeffrey@yahoo.com,Anguilla,2025-05-23,active
652,Michael Campbell,gallagherricardo@yahoo.com,Netherlands Antilles,2023-07-14,active
653,Amanda Tate,gturner@hotmail.com,Fiji,2025-05-03,pending
654,Nicholas Davis,gevans@hotmail.com,Marshall Islands,2024-11-03,active
655,Ronnie Smith,leah19@hotmail.com,Bosnia and Herzegovina,2025-03-14,active
656,Steven Morgan,brentsmith@gmail.com,Namibia,2025-01-31,inactive
657,Gary Sexton,walkernicholas@yahoo.com,Togo,2024-01-20,pending
658,Brandi Griffin,wilcoxkaitlyn@jones.com,Israel,2025-04-19,active
659,Sherry Nixon,marthamiller@gmail.com,New Zealand,2023-09-06,active
660,Tara Chavez,lisamiller@johnston.com,Central African Republic,2024-08-22,inactive
661,Dustin Stevens,shaun66@casey-burch.org,New Zealand,2023-07-25,pending
662,Darryl Tucker,georgegeorge@tran.com,Korea,2025-07-05,inactive
663,John Young,lauren87@brown-romero.com,Maldives,2025-02-13,inactive
664,Arthur Huffman,phillipspeggy@hotmail.com,Denmark,2024-06-08,pending
665,Chris Crane,sarah16@gmail.com,Algeria,2024-02-19,inactive
666,Chelsea Brooks,qclark@gmail.com,Angola,2025-01-22,inactive
667,Stacy Maxwell,lbell@frederick.com,Papua New Guinea,2024-06-12,inactive
668,Lynn Nichols,ebarrett@yahoo.com,Jordan,2024-03-30,active
669,James Williams,woodwardlinda@ward.com,Israel,2024-11-08,inactive
670,Kendra Hancock,david03@roberts.com,Ireland,2025-02-25,inactive
671,Richard Estrada,donald94@campbell.org,Cambodia,2024-01-06,active
672,Anne Daniels,odommark@nelson.com,Micronesia,2025-04-06,pending
673,David Green,butleranthony@hotmail.com,Niger,2024-01-04,inactive
674,Mark Price,lambertjerry@yahoo.com,Montserrat,2024-05-26,pending
675,Melissa Barker,harold32@hotmail.com,Netherlands Antilles,2024-12-25,active
676,Derrick Parker,douglasjonathan@martin-kramer.com,Colombia,2023-10-09,active
677,Tony Howard,tonyayoung@hotmail.com,Switzerland,2025-04-23,inactive
678,Donna Jones,jaredpreston@yahoo.com,French Southern Territories,2025-01-09,active
679,Mr. Christopher Sweeney,ogreen@yahoo.com,Suriname,2024-12-03,pending
680,Kristin Mcdonald,jasoncantu@hotmail.com,Saint Helena,2024-08-28,pending
681,Nicole Hansen,johnwilliams@jenkins.com,France,2025-05-22,pending
682,Christina Bates,jason61@scott.org,Botswana,2023-07-27,inactive
683,Brian Vargas,kaitlynmartinez@chan-holloway.com,Anguilla,2024-12-11,pending
684,Sherri Reyes,hhoward@yahoo.com,Palau,2024-12-09,active
685,Monica Walker,browncarol@hotmail.com,Uruguay,2025-01-03,pending
686,Kristi Davis,robinsontheresa@hamilton-oneal.biz,Turkey,2024-01-02,pending
687,Mary Taylor,jessicamartin@yahoo.com,Rwanda,2024-04-02,pending
688,Alejandra Roach,kevindaniels@ware-anderson.com,Austria,2024-01-20,pending
689,Timothy Mclaughlin,steven83@yahoo.com,Greece,2024-05-01,inactive
690,Linda Castaneda,grantashley@solis.com,Trinidad and Tobago,2024-12-09,active
691,Kristina Robbins,sullivanstephanie@yahoo.com,Kuwait,2024-06-02,active
692,Gabriel Perry,bonnie58@yahoo.com,Isle of Man,2023-11-10,active
693,Ann Cox,zmiller@yahoo.com,Ukraine,2025-06-06,active
694,Rachel Booth,riosbrian@anderson-pierce.com,Antigua and Barbuda,2023-08-26,pending
695,Stephen Ortega,caitlin80@yahoo.com,Iceland,2024-07-11,pending
696,Shannon Santos,jenny08@gallagher.com,Sweden,2025-06-19,inactive
697,Amanda Garcia,powelljennifer@lambert-smith.com,Papua New Guinea,2024-09-16,active
698,Robert Baker,hendersondustin@yahoo.com,Oman,2024-04-09,active
699,Ann Davis,qnguyen@gmail.com,United States Minor Outlying Islands,2025-06-14,pending
700,Michael Dougherty,jose01@morales.com,Swaziland,2023-11-29,inactive
701,Tanya Spears,ryan35@hotmail.com,Solomon Islands,2025-03-01,pending
702,Jennifer Schmidt,foxsharon@hotmail.com,Austria,2025-01-15,active
703,Christina Melton,pleonard@grant.org,Guyana,2024-06-01,pending
704,Kimberly Owens,joshua18@yahoo.com,Saint Pierre and Miquelon,2025-07-05,inactive
705,Timothy Lester,leecourtney@keller-scott.com,Belarus,2024-05-10,active
706,Paul Kennedy,brittanyherring@yahoo.com,Myanmar,2024-05-14,active
707,Brianna Hughes,chernandez@lee-martinez.com,Vietnam,2024-07-21,inactive
708,Michael Garcia,amber90@yahoo.com,Solomon Islands,2023-08-20,pending
709,Sean Haas,smithrobert@gmail.com,Burkina Faso,2024-05-27,active
710,Sara Stone,brocksheena@yahoo.com,Jordan,2024-04-08,pending
711,Bryan Newman,fmitchell@lee.com,Denmark,2024-09-27,inactive
712,William Palmer,sueroberts@hotmail.com,United States Minor Outlying Islands,2025-03-10,inactive
713,Jessica Goodwin,wvelazquez@gmail.com,Lebanon,2025-05-13,active
714,Mariah Curry,michellehuber@freeman.com,Mexico,2023-12-20,inactive
715,Christine Ryan,tommy23@gmail.com,Macedonia,2023-10-31,pending
716,Jimmy Perez,michaeldavis@yahoo.com,Bhutan,2023-12-25,active
717,Troy Shaffer,tammyroberts@pena.info,Mongolia,2024-11-12,active
718,Autumn Martin,prichardson@gmail.com,Ecuador,2023-07-26,active
719,Janet Rivera,arielgarcia@le.com,Swaziland,2024-06-19,pending
720,Thomas Garcia,michelleperez@hotmail.com,Guernsey,2023-08-04,inactive
721,Tony Hill,william17@rice.org,Zambia,2024-10-06,inactive
722,William Fox,cindybrown@yahoo.com,Guinea-Bissau,2024-12-31,inactive
723,Brian Perkins,alexanderbrian@hotmail.com,Central African Republic,2025-05-07,active
724,Rachel Goodman,toddmeadows@gmail.com,Jersey,2024-04-01,inactive
725,Leslie Schroeder,kochjames@hotmail.com,Trinidad and Tobago,2024-04-06,pending
726,Nicole Gilbert,tarahenry@reed.com,Monaco,2024-04-01,active
727,Sheila Cantrell,medinanicole@hotmail.com,France,2025-01-29,pending
728,Victoria Rodriguez,dennis32@hotmail.com,French Polynesia,2025-04-20,pending
729,Scott Duran,alexmiller@moreno.org,Tajikistan,2024-09-29,active
730,Jaclyn Hart,vkrueger@gonzalez.com,Belize,2025-03-22,pending
731,Heather Lucas,christopher45@gmail.com,Brazil,2024-04-05,active
732,Brian Juarez,rebekahsims@johnson.com,Malawi,2025-01-07,inactive
733,Cathy Chavez,cartermelissa@hotmail.com,Fiji,2024-06-11,active
734,Joseph Stafford,jenna56@yahoo.com,Falkland Islands (Malvinas),2025-01-20,active
735,David Ellis,sophia18@hotmail.com,Indonesia,2024-01-09,active
736,Daniel Gibson,jasonbell@gmail.com,Lithuania,2025-02-27,active
737,Stephanie Cook,andrew78@walker.com,Croatia,2024-08-29,active
738,Maria Nguyen,millerstephanie@smith-nelson.com,Rwanda,2025-05-18,inactive
739,Donna French,zmeyers@yahoo.com,Antarctica (the territory South of 60 deg S),2025-02-25,active
740,Mr. Brandon Welch DVM,klopez@cook-vega.net,Uruguay,2025-01-08,pending
741,Robert Lowe MD,xwilson@yahoo.com,Mozambique,2025-02-16,inactive
742,Courtney Thomas,dmeyer@carter.com,Papua New Guinea,2025-05-02,active
743,Randy Carter,martinbarbara@yahoo.com,Saint Vincent and the Grenadines,2023-09-29,pending
744,Scott Morton,joshuagarcia@huffman.com,Dominican Republic,2024-03-05,inactive
745,Mrs. Wendy Bailey,riggskrystal@gmail.com,Paraguay,2024-03-08,active
746,Juan Reyes,lunacrystal@yahoo.com,Iraq,2023-08-08,inactive
747,Carlos Patel,preyes@lewis.net,Tokelau,2025-04-09,active
748,Veronica Rogers,chale@yahoo.com,Cayman Islands,2023-12-16,inactive
749,Elizabeth Alvarez,banksjulia@woods-garcia.biz,Marshall Islands,2025-01-18,active
750,Brian Rodriguez,dramirez@rollins.net,Micronesia,2024-06-15,active
751,Mary Ward,hubbardalicia@page.com,Nepal,2024-03-18,active
752,Mark Davidson,kaylagraham@moore.com,Guernsey,2024-12-30,pending
753,Charles Wagner,xgillespie@yahoo.com,Gambia,2023-11-08,pending
754,Mary Collins,jamesdavid@hotmail.com,Saint Lucia,2023-12-31,inactive
755,Christopher Dorsey,wilsonsally@boyd.com,Saudi Arabia,2023-12-21,inactive
756,Jeremy Smith,vargastracy@hotmail.com,Andorra,2024-04-05,active
757,Dustin Macias,bryanstewart@singleton.info,Timor-Leste,2023-10-25,active
758,Jennifer Smith,gbowen@yahoo.com,Bahamas,2024-11-15,active
759,Henry Manning,wcampbell@mitchell.com,Cayman Islands,2023-10-24,inactive
760,Barbara Fischer,echase@yahoo.com,Bosnia and Herzegovina,2024-09-06,inactive
761,Cindy Brandt,vparks@hotmail.com,Luxembourg,2023-12-14,pending
762,Stacey Horne,andrea25@carey.com,Argentina,2024-06-11,inactive
763,Austin Adams,rwatson@pope.biz,Cook Islands,2024-07-24,active
764,Ronald Schaefer,michael81@suarez.com,Luxembourg,2023-12-07,pending
765,Jesse Coleman,zsmith@wallace.info,Austria,2025-05-15,pending
766,Jonathan Jackson Jr.,ortegagregory@daniels.com,Bangladesh,2025-01-14,pending
767,Robert Gibson,jay28@gmail.com,Niger,2024-05-16,active
768,Robert Vazquez,zperez@gmail.com,Saint Martin,2025-06-26,inactive
769,Joseph Martin,maurice35@evans-reed.org,Reunion,2024-12-13,pending
770,Stephen Smith,floresjoan@yahoo.com,Paraguay,2025-06-19,inactive
771,Tony Thompson,hross@ward.com,Swaziland,2024-05-28,pending
772,Anna Norman,christopher54@wilson-henderson.com,Hungary,2023-11-26,active
773,Amy Moran,johnsonbrian@yahoo.com,Anguilla,2024-06-15,inactive
774,Diamond Kelly,beckerzoe@hotmail.com,Heard Island and McDonald Islands,2024-07-22,active
775,Timothy Johnson,russell99@peterson.org,Cameroon,2023-08-06,active
776,Susan Kennedy,solisjessica@gmail.com,Turkmenistan,2024-03-15,active
777,Tammy Burns,brenda16@hotmail.com,Kazakhstan,2024-01-22,pending
778,Martin Brooks,choisamantha@campbell.com,Saint Martin,2023-10-05,active
779,Jeremy Jefferson,joseph12@fisher-carter.com,Tonga,2024-04-04,inactive
780,Mrs. Morgan Hernandez DVM,brandon38@ray.com,Iran,2024-05-25,pending
781,Jeremiah Hatfield,gperez@hotmail.com,Western Sahara,2023-10-20,active
782,Charles Herrera,heathermarshall@collins-mills.com,Canada,2025-06-29,active
783,Jessica Ryan,hmartinez@gmail.com,Sweden,2025-04-12,pending
784,Bruce Santiago,umoore@hernandez.info,Pitcairn Islands,2024-08-31,pending
785,Jessica Humphrey,kwilliams@hays.info,Albania,2025-01-13,active
786,Jacob Oliver DDS,jeffrey82@hotmail.com,Peru,2025-04-06,pending
787,Kyle Reilly,murphydeanna@yahoo.com,Niue,2024-08-08,inactive
788,Elaine Mcgee,psantos@gmail.com,Nauru,2024-11-29,inactive
789,Brandon Vang,vincentward@rodriguez.net,Ukraine,2023-08-17,inactive
790,David Kennedy,tannerdiane@yahoo.com,China,2024-08-30,inactive
791,Pamela Lowe,alejandroliu@yahoo.com,Tuvalu,2024-10-26,pending
792,Robert Johnson,tsims@gmail.com,Guinea-Bissau,2023-10-12,inactive
793,Brenda Castillo,gmartinez@hotmail.com,Cayman Islands,2024-10-08,inactive
794,Jessica Juarez,justinwilliams@santos.com,United Arab Emirates,2024-02-18,active
795,Crystal Webb,thomasgray@yahoo.com,Saint Lucia,2024-03-27,pending
796,Jennifer Sandoval,wagnersara@mcintosh-martinez.org,Pakistan,2023-10-17,inactive
797,Jacob Willis,brian77@yahoo.com,Ghana,2023-09-22,inactive
798,Jenna Romero,hansonpaul@yahoo.com,Saudi Arabia,2024-03-04,pending
799,Michael Chandler,victormolina@hotmail.com,Costa Rica,2024-12-04,inactive
800,Lawrence Taylor,wilsoncatherine@yahoo.com,Paraguay,2025-06-23,active
801,Adam Nunez,jermaine33@smith-wright.com,Brunei Darussalam,2025-01-14,active
802,Jennifer Estrada,ryansusan@hotmail.com,Guadeloupe,2024-08-19,pending
803,Carol Jenkins,pweaver@chavez-sullivan.com,Bouvet Island (Bouvetoya),2025-03-01,pending
804,Amy Sanchez,stevensadam@yahoo.com,Paraguay,2023-11-19,pending
805,Mrs. Beth Patterson,laurie07@hancock-jones.biz,United Arab Emirates,2024-10-01,inactive
806,Kathleen Rubio,james58@walker.com,Maldives,2024-01-02,inactive
807,Alyssa Johnson,gary72@shaw-garrison.org,Romania,2025-01-06,inactive
808,Kimberly Martinez,cbanks@boyd-serrano.com,Ecuador,2024-11-29,active
809,Morgan Thomas,luiswright@gmail.com,Turkmenistan,2025-02-19,inactive
810,Tommy Manning,coxbelinda@yahoo.com,South Africa,2024-08-28,active
811,Samuel Vasquez,howellkevin@duke.com,Greece,2025-05-14,inactive
812,Melissa Kirk,brownlaurie@sandoval-ford.com,Albania,2025-06-19,pending
813,Jessica Powers,brianbrown@mccarthy-jackson.com,Saint Lucia,2024-07-05,inactive
814,Justin Ford,richard23@carr.com,Taiwan,2024-08-12,inactive
815,Mark Davis,mbrown@harris-swanson.com,Ecuador,2025-04-02,pending
816,Tammie Lang,melissacarr@edwards-nash.com,Heard Island and McDonald Islands,2025-07-01,pending
817,Robert Wilson,russellchristopher@yahoo.com,Ghana,2024-03-16,active
818,Joseph Barber,avilalaura@briggs.com,Timor-Leste,2024-10-06,active
819,Robin Fields,melissacarter@hotmail.com,Tonga,2024-07-09,pending
820,Ann Soto,jamiehill@hotmail.com,Dominica,2024-04-30,active
821,Andrea Lowery,youngbrenda@smith-rodriguez.com,Libyan Arab Jamahiriya,2025-05-14,active
822,Ryan Guzman,vwilcox@gmail.com,Cook Islands,2023-12-22,pending
823,Isaac Meyer,ngross@mills.info,Romania,2024-07-05,active
824,Ricardo Benton,susan45@garcia.com,British Indian Ocean Territory (Chagos Archipelago),2024-03-23,pending
825,Kenneth Walker,paultaylor@garcia-mckee.biz,Zambia,2024-04-24,inactive
826,Suzanne Waters,kelsey70@hotmail.com,Senegal,2023-10-12,active
827,Christopher Carr,brittany40@gmail.com,Montenegro,2023-08-20,inactive
828,James Sanchez,plee@johnson.com,San Marino,2023-11-14,active
829,Lauren Jordan,peterramirez@marsh.info,Zambia,2025-05-06,active
830,Melissa Carter,kimberly44@bowman-kelly.com,French Southern Territories,2025-02-10,pending
831,Charles Walker,cynthiaallen@hotmail.com,Turkmenistan,2025-04-09,inactive
832,Holly Harvey,jason26@bailey.com,Egypt,2025-05-27,pending
833,Henry Long,nicholas55@evans-delgado.com,Tokelau,2025-07-02,inactive
834,Curtis Haynes,amccoy@foster.com,Libyan Arab Jamahiriya,2025-05-07,inactive
835,Lauren Bean,owood@wilson.info,Mauritius,2024-06-07,active
836,Molly Johnson,crystalkim@hotmail.com,Comoros,2024-11-14,active
837,Matthew Lopez,ashley56@hotmail.com,Martinique,2024-05-11,pending
838,Martin Leon,bwilliams@davenport-clark.org,Georgia,2023-11-26,pending
839,Alexis Frank,combsandrea@boone-lopez.com,Montenegro,2025-01-27,inactive
840,Anthony Carter,brandon26@gmail.com,Greenland,2024-11-13,inactive
841,Guy Martinez,manuel58@roth.com,Sweden,2024-07-25,pending
842,Brandon Farmer,melissa72@gmail.com,Sri Lanka,2024-07-13,pending
843,Tom Taylor,acampbell@stevens-peters.biz,Solomon Islands,2025-05-14,active
844,Matthew Hill,antonio12@thomas-thompson.net,Reunion,2024-12-06,pending
845,Amanda Atkinson,robert69@brooks.com,Wallis and Futuna,2025-06-17,pending
846,Vanessa Peters,jennifer93@yahoo.com,Guernsey,2024-04-01,inactive
847,Eric Vasquez,mcbridetodd@yahoo.com,Equatorial Guinea,2023-10-16,pending
848,Jon Nichols,yjackson@hotmail.com,Austria,2024-06-18,inactive
849,Lynn Green,jennifergray@schultz-davis.org,Congo,2024-10-19,pending
850,Amanda Jacobs,elizabeth18@gmail.com,Costa Rica,2025-01-05,pending
851,Jonathan Patel,pattersonclinton@yahoo.com,Comoros,2024-02-03,inactive
852,Nancy Thornton,hbecker@perez.com,Tanzania,2024-04-16,active
853,Sarah Davis,riceaaron@hamilton.com,Argentina,2023-08-08,pending
854,Steven Lloyd,derrickstephens@yahoo.com,Niger,2024-04-27,pending
855,Jason Hernandez,xbentley@gmail.com,Russian Federation,2024-08-22,inactive
856,Joseph Scott,ecrane@jones.net,Saint Lucia,2024-05-25,inactive
857,William Moore,philipgallagher@foster.net,Guinea,2024-10-29,active
858,Maria White,morgan05@gmail.com,Iran,2024-02-27,active
859,Gregory Leblanc,sara82@gmail.com,Saint Vincent and the Grenadines,2024-04-06,pending
860,Kayla Roberts,melissa56@gmail.com,Pitcairn Islands,2025-03-30,pending
861,Lisa Short,jill87@hotmail.com,Somalia,2023-10-11,inactive
862,Logan Sanders,mendezchad@yahoo.com,Spain,2025-04-05,inactive
863,Devin Thomas,murphygeoffrey@gmail.com,Netherlands Antilles,2025-06-15,active
864,Courtney Brown,nprice@krueger-underwood.com,Slovenia,2023-08-03,pending
865,Kim Holmes,jasonmartin@riddle.net,Netherlands Antilles,2025-02-15,inactive
866,David Cole,penarobert@chaney-nelson.com,Czech Republic,2025-06-04,pending
867,Michelle Allen,amanda49@rodgers.com,Ghana,2024-06-15,pending
868,Juan Lewis,saradavis@morgan.com,Sierra Leone,2023-08-30,active
869,Alicia Vazquez,mary94@henry.com,Portugal,2023-10-31,inactive
870,Manuel Ashley,qstanley@williams.com,Japan,2024-02-09,inactive
871,Alexis Pratt,jeffery56@hotmail.com,Wallis and Futuna,2025-02-14,inactive
872,Daniel Moran,qtran@yahoo.com,Holy See (Vatican City State),2025-05-05,active
873,Adrian Johnson,laura46@yahoo.com,Antarctica (the territory South of 60 deg S),2024-12-09,pending
874,Tyler Rice,wgreen@hotmail.com,Philippines,2024-05-04,pending
875,Andrew Cole,kpierce@pierce-brown.com,Mali,2025-03-09,pending
876,Daniel Burke,hannah26@gmail.com,Tunisia,2025-02-24,pending
877,Robin Parrish,dianewheeler@hotmail.com,Kazakhstan,2024-10-15,pending
878,Kaylee Schwartz,dfowler@johnson-hanson.org,Portugal,2024-05-08,pending
879,Ryan Graves,john09@parker.com,Denmark,2025-05-15,inactive
880,Michael Jones,melissarichard@yahoo.com,Nicaragua,2024-10-06,inactive
881,Robert Stone,austin90@alexander.com,Heard Island and McDonald Islands,2024-08-27,inactive
882,Carrie Hines,robertmeyer@rivera.com,Antigua and Barbuda,2023-11-25,pending
883,Jillian Smith,bryce59@bailey.info,Norway,2025-05-27,active
884,Tracy Salas,athompson@hunt.info,Martinique,2025-04-27,pending
885,Nathan Morales,johnsonmarc@jones.com,Russian Federation,2024-11-04,inactive
886,Heather Thomas,latasha68@hotmail.com,Iran,2024-08-07,pending
887,Nicholas Baker,wanda21@yahoo.com,Gibraltar,2024-07-17,pending
888,Nathan Miller,pgreer@yahoo.com,Macedonia,2024-05-31,active
889,Gabriella Hall,bradleymartin@gmail.com,United Kingdom,2023-08-09,active
890,James Green,jessica01@hobbs.com,Papua New Guinea,2024-02-07,pending
891,Deborah Mccoy,brandon26@simmons.com,Timor-Leste,2023-10-22,active
892,Willie Gibson,ntate@cortez-richards.com,Panama,2024-08-14,active
893,Mr. James Brown,pturner@gutierrez.com,Reunion,2025-02-17,pending
894,Megan Luna,shawthomas@jones.com,Guinea,2025-03-17,active
895,Emily Moss,robert97@yahoo.com,Malawi,2023-11-01,inactive
896,Billy Lane,samuel98@yahoo.com,Wallis and Futuna,2025-04-03,active
897,Victor Webb,smithwhitney@mitchell.net,Bulgaria,2023-12-17,active
898,Anna Trevino,harrisalan@duran.org,Zimbabwe,2023-09-23,pending
899,Natalie Ward,spencerrachael@keller.biz,Antigua and Barbuda,2025-01-18,pending
900,Sylvia Hernandez,eric36@gmail.com,Turks and Caicos Islands,2023-08-12,active
901,Jason Duncan,bernardcourtney@gmail.com,Canada,2023-11-27,pending
902,Devin Prince,vrodriguez@downs-dunlap.com,Congo,2024-06-19,active
903,Scott Mack,kerri78@brown.com,Lesotho,2024-06-26,inactive
904,Christopher Lamb,john77@perez-hudson.com,Tuvalu,2023-11-23,pending
905,Virginia Li,baldwinjoseph@cuevas.com,Bermuda,2025-05-16,active
906,Randall Hall,irobinson@house.com,Moldova,2024-01-02,active
907,Jacob Ball,eric90@serrano.com,Bangladesh,2025-03-03,inactive
908,Jennifer Robinson,haasmichelle@gmail.com,Timor-Leste,2023-10-06,pending
909,Maria Evans,parsonsjoshua@hotmail.com,Qatar,2025-04-04,active
910,Tammy Brooks,mariahgallagher@shea.com,Christmas Island,2023-11-15,active
911,Joshua Cook,lguerrero@hotmail.com,Hungary,2024-10-11,inactive
912,Michael Henderson,lopezmelissa@gmail.com,Peru,2024-01-13,inactive
913,Luis Chandler,adamsjames@hotmail.com,Korea,2023-09-25,inactive
914,Joseph Gutierrez,qpatterson@gmail.com,Ethiopia,2023-12-02,active
915,Tamara Flores,hprice@davis.info,Israel,2025-07-04,inactive
916,Patrick West,ericwatkins@fleming.net,Bouvet Island (Bouvetoya),2024-09-10,active
917,Michael Lyons,abbottjennifer@davis.com,Bolivia,2023-10-27,active
918,Cheyenne Valentine,joann95@adams.net,Bulgaria,2024-06-20,pending
919,Andrew Howard,madeline84@roth-collins.biz,Namibia,2024-06-21,inactive
920,Laura Miles,steven31@trevino.biz,Solomon Islands,2025-06-03,pending
921,Anthony Smith,melissaford@hill.info,Ethiopia,2025-04-27,inactive
922,Julie Stanley,anthony91@gmail.com,Burundi,2024-06-10,active
923,Charles Ayala,cristinarodriguez@gmail.com,Lesotho,2023-07-31,active
924,Scott Baker,austin01@hotmail.com,Equatorial Guinea,2023-09-06,pending
925,Roger Roberts,jacobsalexis@hotmail.com,Western Sahara,2024-06-16,active
926,Darrell Kelly,stonemonica@mercado.com,Indonesia,2024-09-10,active
927,Jean Guerrero,benjamin48@hotmail.com,Brazil,2024-08-31,active
928,Taylor Hunt,nguyensusan@bennett.com,Saint Kitts and Nevis,2023-12-23,active
929,Mark Bartlett,wagnerpamela@yahoo.com,South Georgia and the South Sandwich Islands,2023-09-23,active
930,Philip Perez,rhancock@glover-shannon.com,Tuvalu,2025-04-26,pending
931,Stephen Lee,thomasmccoy@thomas.com,Maldives,2023-09-05,active
932,Travis Jackson,dianamcdowell@gmail.com,Lesotho,2024-11-26,active
933,Anna Phillips,laurapearson@french.biz,Lesotho,2025-07-03,active
934,Kristy Meyer,jonathantucker@hotmail.com,Peru,2024-11-16,pending
935,Monique Gilmore,peterhughes@flores.com,United Arab Emirates,2023-12-05,pending
936,Elizabeth Smith,dylan31@oconnor.com,Afghanistan,2024-10-26,pending
937,Kathy Bridges,patriciamccormick@yahoo.com,Somalia,2024-03-28,pending
938,Samantha Flores,tonyhunter@yahoo.com,Brunei Darussalam,2025-07-06,pending
939,Jasmine Cruz,vazquezsamuel@gmail.com,Bahrain,2024-03-17,active
940,Nicholas Long,daviskimberly@salas.com,Yemen,2023-08-06,inactive
941,Rachel Roth,matthewatkins@barker.com,San Marino,2023-12-03,pending
942,Brett Thomas,ebridges@hotmail.com,Nicaragua,2025-06-15,pending
943,Miss Courtney Morales,mary63@johnson-hoover.org,Pitcairn Islands,2024-02-22,pending
944,Bethany Wall,morrisrichard@yahoo.com,Venezuela,2024-07-19,inactive
945,Jessica Edwards,uhernandez@scott.com,Tokelau,2024-05-23,active
946,Amber Watson MD,maxwellmurray@gmail.com,Burkina Faso,2024-12-15,inactive
947,Steven Powers,wrightchad@campbell.com,Djibouti,2024-03-19,inactive
948,Robyn Williams,qperez@jones.com,Gambia,2024-10-30,active
949,Stephanie Stone,christinemullen@hotmail.com,Central African Republic,2023-07-10,inactive
950,Kimberly Hall,boydshawn@gmail.com,Syrian Arab Republic,2023-11-23,active
951,Michael Hernandez,vickie41@hotmail.com,Saint Lucia,2024-03-26,active
952,Sarah Reynolds,igarcia@hotmail.com,Italy,2023-11-17,active
953,Jonathan Moreno,rodriguezthomas@gibson.net,Lesotho,2024-08-28,pending
954,David Mendoza,guerrajenna@williams-zamora.info,Malawi,2024-05-30,inactive
955,Stephen Harding,stonemegan@vargas.com,Mali,2024-03-10,active
956,Teresa Skinner,bkeller@hotmail.com,Turkmenistan,2023-09-29,active
957,Christopher Adams,shawnstewart@jarvis-ross.info,Saudi Arabia,2025-01-28,inactive
958,Kyle Miller,richardnicholson@parsons-jimenez.org,Armenia,2024-02-21,inactive
959,Lauren Vance,timothy62@smith.org,Colombia,2023-10-07,inactive
960,Karen Johnston,howardjohn@blackwell.com,Australia,2023-10-29,active
961,Scott Ryan,mrussell@gmail.com,Maldives,2024-03-10,inactive
962,Amanda Jordan,brianpineda@yahoo.com,Lao People's Democratic Republic,2024-04-09,active
963,Johnny Neal,morrisonaaron@gmail.com,Suriname,2024-10-03,inactive
964,Stacy Hull,janicelarson@murphy.com,Mayotte,2024-09-01,pending
965,Tracy Miller,sosaronald@hotmail.com,Martinique,2025-03-27,pending
966,Jennifer Mccormick,stephanie53@yahoo.com,India,2024-10-22,active
967,Brian Mccall,sanchezconnie@gmail.com,Congo,2024-03-21,inactive
968,Kathryn Lopez,hortonashley@hotmail.com,Norway,2024-08-02,pending
969,John Hernandez,zmartin@gmail.com,Sweden,2024-05-10,pending
970,Zachary Robinson,rcarpenter@donaldson.com,Dominican Republic,2024-09-23,inactive
971,Mark Soto,coxkristin@williams.net,Qatar,2024-07-16,active
972,Elizabeth Collins,martinezangela@gmail.com,Iceland,2024-04-13,active
973,Marie Jones,boylekathleen@holt.net,Ukraine,2024-09-21,inactive
974,Brittany Fields,jamesjones@yahoo.com,Malaysia,2024-01-03,pending
975,Sandra Heath,hhughes@hotmail.com,Afghanistan,2024-05-18,inactive
976,Ashlee Buck,williamsangela@gmail.com,Madagascar,2025-01-06,inactive
977,Charles Williams,ronald84@gmail.com,Guernsey,2024-07-21,inactive
978,Denise Gordon,pmartin@macdonald.org,Uzbekistan,2024-09-06,inactive
979,Charles Wolfe,julieavila@walton.com,Malaysia,2025-06-22,active
980,Tamara Richardson,douglashall@perez-smith.com,Cameroon,2023-09-02,active
981,Cynthia Ponce,qbrennan@yahoo.com,Armenia,2023-12-20,active
982,Theresa Murphy,dhoward@johnson.com,South Georgia and the South Sandwich Islands,2023-10-21,active
983,Anne Ramirez,sweeneyholly@gmail.com,Chad,2025-01-10,active
984,Dalton Chapman,emily68@lee-burnett.org,Reunion,2023-12-22,inactive
985,Justin Sanchez,christina20@yahoo.com,Philippines,2023-07-11,pending
986,Xavier Lucas,douglaswilliams@thomas-roberts.org,Libyan Arab Jamahiriya,2024-10-26,inactive
987,Jeffrey King,kevinaguilar@gmail.com,Panama,2023-11-17,pending
988,Charles Wheeler,qruiz@simmons-lambert.com,France,2025-02-27,inactive
989,Alison Nguyen,rachel75@guzman-gentry.info,Cyprus,2023-08-16,inactive
990,Stephen Franklin,fbranch@short-long.org,Bangladesh,2024-01-03,pending
991,Bobby Gonzales,robertsleslie@gmail.com,Greece,2024-06-15,pending
992,Dennis Rose,qrobinson@yahoo.com,British Indian Ocean Territory (Chagos Archipelago),2024-03-20,inactive
993,Steven Williams,pruittkayla@yahoo.com,Papua New Guinea,2024-03-05,inactive
994,Brian Vazquez,lopeznancy@yahoo.com,Namibia,2024-12-26,active
995,Jordan Kirk,kelseyjohnson@edwards.com,Rwanda,2025-05-16,inactive
996,Anthony Warren,crystalbowman@hopkins-hicks.com,Faroe Islands,2024-06-24,inactive
997,Patricia Smith,dixonjessica@pitts-allen.com,Mozambique,2023-09-21,pending
998,Jeffrey Martin,jonathanparker@kennedy.com,Bulgaria,2024-11-24,active
999,Nicole Padilla PhD,salasbrenda@hotmail.com,Lithuania,2024-05-24,pending
1000,Antonio Vasquez,ericday@salazar.org,Costa Rica,2023-09-26,pending
